{"cameraMode":{"drawMode":0,"name":"Shaded","section":"Shading Mode"},"sceneLighting":false,"audioPlay":false,"sceneViewState":{"showFog":true,"showMaterialUpdate":false,"showSkybox":false,"showFlares":true,"showImageEffects":true,"showParticleSystems":true},"in2DMode":false,"pivot":{"x":0.0,"y":6.000000953674316,"z":3.9999990463256838},"rotation":{"x":0.030603479593992235,"y":-0.8327599763870239,"z":0.046265702694654468,"w":0.5508478283882141},"size":15.350847244262696,"orthographic":false}