{"cameraMode":{"drawMode":0,"name":"Shaded","section":"Shading Mode"},"sceneLighting":false,"audioPlay":false,"sceneViewState":{"showFog":true,"showMaterialUpdate":false,"showSkybox":false,"showFlares":true,"showImageEffects":true,"showParticleSystems":true},"in2DMode":false,"pivot":{"x":0.029164642095565797,"y":0.01738353818655014,"z":-0.075673408806324},"rotation":{"x":-0.02574768476188183,"y":0.9678305387496948,"z":-0.11111675202846527,"w":-0.22426338493824006},"size":0.08909250795841217,"orthographic":false}